ID,Name
026acc5a18a94f2bb1097778a32a4dae,We've got honey at home. 🍯🏠
04302c3f51ee440cbf9274f6430702ff,Joe Skrebels
0e033461ae5447c6b172e593d11ec57c,Gav Murphy
1af891d6b3bf4540a518ddd5b310e3b9,MegaSlippers
555c7be4f519498e97a6bf62888fb0df,Beehind Honemy Lines
5d67307c492249f2b00f7b3276919ef5,"Liv, Laugh, Cover Urself in Pollen"
6495e706501d405b96d5a435a5903ca7,"Baba,  Don't Rile Bee"
7794745d6a054a86b5f0cf46cd34fb54,"Nick Thorax, Sheridiff of Bottingham"
93455c46f7d945a187150fc527630db4,Martin (All the Better to Sting You With)
975e00647b384c8abeb378da24a134f7,misterbrilliant
b2fd357c852d458f8ea4fa557c68b37f,A Stylish Little Bee In A Shacket And Jorts (A Sartorial Bee)
b49a4cb5ad234418b3ff4bdfd2ab321f,"🚂 Alice Einsteigen, To Bee Town!"
c9020fb4892a4c77aaeded2efd21f9b4,Honey WillBeFree
d21152e7d3cd4a69b0951abdfe3e1480,Patrick Rose
e4baba279a664e01b42eb740644f095c,How ⌚ since you 👀 a 🐝? I Missenden (Cain)
ec6e845efede4f3abfce9ac2b3254ff7,Banana Log
f1c713e8e22f4674a449cc92e27d3930,Bee Pie
